priority,request,value,latency_ns
0,0,2000,5666196
1,1,2001,9894636
2,2,2002,6205167
3,3,2003,14387436
0,4,2004,4782493
1,5,2005,7308899
2,6,2006,5701027
3,7,2007,11531506
0,8,2008,5554493
1,9,2009,7632798
2,10,2010,6624270
3,11,2011,6317453
0,12,2012,6646727
1,13,2013,7145742
2,14,2014,16889718
3,15,2015,5459123
0,16,2016,5575784
1,17,2017,6028135
2,18,2018,6047967
3,19,2019,5373378
0,20,2020,5097185
1,21,2021,6264664
2,22,2022,4447095
3,23,2023,8011070
0,24,2024,4655751
1,25,2025,5345422
2,26,2026,6341368
3,27,2027,5093101
0,28,2028,5851103
1,29,2029,6374908
2,30,2030,5231927
3,31,2031,5771191
0,32,2032,6934295
1,33,2033,5924891
2,34,2034,6584813
3,35,2035,6107338
0,36,2036,6606604
1,37,2037,6220333
2,38,2038,7151283
3,39,2039,6025510
0,40,2040,6475152
1,41,2041,5513288
2,42,2042,6657726
3,43,2043,6416238
0,44,2044,5691278
1,45,2045,5775856
2,46,2046,4755953
3,47,2047,4725330
0,48,2048,5512205
1,49,2049,5593866
2,50,2050,4664958
3,51,2051,7958864
0,52,2052,8485295
1,53,2053,7028206
2,54,2054,5343630
3,55,2055,5633239
0,56,2056,7384896
1,57,2057,5447749
2,58,2058,5801064
3,59,2059,5081936
0,60,2060,5356921
1,61,2061,5599866
2,62,2062,5639281
3,63,2063,5848478
0,64,2064,5241718
1,65,2065,5619365
2,66,2066,6788344
3,67,2067,5940931
0,68,2068,5479664
1,69,2069,6035301
2,70,2070,6967543
3,71,2071,6708848
0,72,2072,5463498
1,73,2073,5176389
2,74,2074,6288580
3,75,2075,4582420
0,76,2076,5900516
1,77,2077,5772649
2,78,2078,7906951
3,79,2079,5966596
0,80,2080,6291788
1,81,2081,5117600
2,82,2082,6266581
3,83,2083,4239731
0,84,2084,5426751
1,85,2085,7753833
2,86,2086,5510162
3,87,2087,6101923
0,88,2088,5856935
1,89,2089,5730068
2,90,2090,6668143
3,91,2091,5998095
0,92,2092,4819241
1,93,2093,5694195
2,94,2094,5561993
3,95,2095,5466831
0,96,2096,6070841
1,97,2097,7610634
2,98,2098,6267872
3,99,2099,5720735
0,100,2100,6198751
1,101,2101,4704622
2,102,2102,5071228
3,103,2103,5995469
0,104,2104,5993720
1,105,2105,7018873
2,106,2106,4902070
3,107,2107,4643376
0,108,2108,6565940
1,109,2109,6160795
2,110,2110,5490622
3,111,2111,5535120
0,112,2112,4608378
1,113,2113,5716943
2,114,2114,4212608
3,115,2115,5941639
0,116,2116,6111547
1,117,2117,9122844
2,118,2118,6057592
3,119,2119,5615907
0,120,2120,6091131
1,121,2121,6949461
2,122,2122,4449303
3,123,2123,5965430
0,124,2124,6467945
1,125,2125,5684153
2,126,2126,5833021
3,127,2127,5376878
0,128,2128,5271009
1,129,2129,5939347
2,130,2130,5399918
3,131,2131,4590879
0,132,2132,5749900
1,133,2133,6664643
2,134,2134,5861394
3,135,2135,9766351
0,136,2136,7710669
1,137,2137,2908344
2,138,2138,6275164
3,139,2139,5292507
0,140,2140,6288579
1,141,2141,5471957
2,142,2142,6751555
3,143,2143,6677933
0,144,2144,5644614
1,145,2145,6731472
2,146,2146,6032801
3,147,2147,6150503
0,148,2148,5335672
1,149,2149,7288942
2,150,2150,5037105
3,151,2151,5512496
0,152,2152,6887047
1,153,2153,8055692
2,154,2154,4892154
3,155,2155,6013260
0,156,2156,6292246
1,157,2157,5364629
2,158,2158,7817914
3,159,2159,4720955
0,160,2160,5167181
1,161,2161,6067924
2,162,2162,5918182
3,163,2163,5056937
0,164,2164,3936997
1,165,2165,5938014
2,166,2166,4724455
3,167,2167,7824330
0,168,2168,5885226
1,169,2169,7671380
2,170,2170,5725818
3,171,2171,5966014
0,172,2172,3614723
1,173,2173,5679737
2,174,2174,6127879
3,175,2175,4263354
0,176,2176,4115779
1,177,2177,7151950
2,178,2178,5835645
3,179,2179,5515204
0,180,2180,5671446
1,181,2181,7435851
2,182,2182,4397806
3,183,2183,6015510
0,184,2184,5127225
1,185,2185,5046438
2,186,2186,6011386
3,187,2187,6256206
0,188,2188,8179520
1,189,2189,5464665
2,190,2190,4943485
3,191,2191,5562660
0,192,2192,5144265
1,193,2193,5411459
2,194,2194,8967394
3,195,2195,4061823
0,196,2196,6788261
1,197,2197,6913670
2,198,2198,6815343
3,199,2199,4899154
0,200,2200,7160616
1,201,2201,7066870
2,202,2202,7704253
3,203,2203,8139563
0,204,2204,6966917
1,205,2205,5206262
2,206,2206,4919278
3,207,2207,5823396
0,208,2208,5385919
1,209,2209,5910600
2,210,2210,5467582
3,211,2211,5493538
0,212,2212,5882892
1,213,2213,6951377
2,214,2214,5613574
3,215,2215,6697890
0,216,2216,5921390
1,217,2217,7515138
2,218,2218,6784552
3,219,2219,4909070
0,220,2220,6347784
1,221,2221,6452195
2,222,2222,6618062
3,223,2223,4858906
0,224,2224,8342386
1,225,2225,6044926
2,226,2226,5793356
3,227,2227,5517079
0,228,2228,5712735
1,229,2229,6482236
2,230,2230,6256206
3,231,2231,6334076
0,232,2232,5536702
1,233,2233,6502068
2,234,2234,5656863
3,235,2235,6997999
0,236,2236,5481872
1,237,2237,5508413
2,238,2238,4846073
3,239,2239,6114088
0,240,2240,5458040
1,241,2241,5252051
2,242,2242,6128296
3,243,2243,5504205
0,244,2244,4499383
1,245,2245,5624782
2,246,2246,6474653
3,247,2247,6468819
0,248,2248,4921320
1,249,2249,5951139
2,250,2250,5271592
3,251,2251,5007940
0,252,2252,5227678
1,253,2253,5310090
2,254,2254,4749828
3,255,2255,4795034
0,256,2256,5750983
1,257,2257,5864227
2,258,2258,4875238
3,259,2259,5917932
0,260,2260,5578201
1,261,2261,6318911
2,262,2262,6753763
3,263,2263,5884768
0,264,2264,6162878
1,265,2265,5508704
2,266,2266,6932169
3,267,2267,5690611
0,268,2268,6128462
1,269,2269,4347933
2,270,2270,5875309
3,271,2271,4516507
0,272,2272,6077132
1,273,2273,5098852
2,274,2274,5860353
3,275,2275,6704890
0,276,2276,6661017
1,277,2277,6890672
2,278,2278,6091548
3,279,2279,6153545
0,280,2280,5064062
1,281,2281,5700986
2,282,2282,5627406
3,283,2283,5454457
0,284,2284,3693177
1,285,2285,7220571
2,286,2286,6295578
3,287,2287,6625144
0,288,2288,6442571
1,289,2289,4401013
2,290,2290,5103892
3,291,2291,7697920
0,292,2292,7104702
1,293,2293,7386937
2,294,2294,4602837
3,295,2295,6658101
0,296,2296,5583076
1,297,2297,10475230
2,298,2298,5875143
3,299,2299,6750429
0,300,2300,5667654
1,301,2301,5633947
2,302,2302,5391169
3,303,2303,5228262
0,304,2304,6526400
1,305,2305,4830908
2,306,2306,6036218
3,307,2307,4605753
0,308,2308,6634185
1,309,2309,6141795
2,310,2310,6655893
3,311,2311,5340130
0,312,2312,5007940
1,313,2313,6202084
2,314,2314,7086828
3,315,2315,6937128
0,316,2316,6331160
1,317,2317,6314411
2,318,2318,5706153
3,319,2319,5228720
0,320,2320,6814718
1,321,2321,4963317
2,322,2322,5137724
3,323,2323,7157825
0,324,2324,5816272
1,325,2325,5167473
2,326,2326,5605241
3,327,2327,5438874
0,328,2328,5818438
1,329,2329,9463200
2,330,2330,6791386
3,331,2331,13642060
0,332,2332,5186430
1,333,2333,7909201
2,334,2334,5581617
3,335,2335,5933348
0,336,2336,6210709
1,337,2337,5507246
2,338,2338,5504913
3,339,2339,5898434
0,340,2340,6213625
1,341,2341,7418727
2,342,2342,6092298
3,343,2343,5496455
0,344,2344,6188959
1,345,2345,5730651
2,346,2346,5591033
3,347,2347,5336339
0,348,2348,5770148
1,349,2349,6347701
2,350,2350,6043009
3,351,2351,5338380
0,352,2352,6623603
1,353,2353,5118767
2,354,2354,4701414
3,355,2355,6423905
0,356,2356,6526275
1,357,2357,7505556
2,358,2358,5349754
3,359,2359,5600866
0,360,2360,6434404
1,361,2361,6739347
2,362,2362,5307257
3,363,2363,5751067
0,364,2364,7545720
1,365,2365,4605169
2,366,2366,6380657
3,367,2367,5657571
0,368,2368,5725109
1,369,2369,3340279
2,370,2370,5848478
3,371,2371,4533132
0,372,2372,6154295
1,373,2373,6458320
2,374,2374,7075370
3,375,2375,4601962
0,376,2376,5520371
1,377,2377,5454457
2,378,2378,8420048
3,379,2379,5627698
0,380,2380,5138016
1,381,2381,5603199
2,382,2382,5778982
3,383,2383,5987887
0,384,2384,5215595
1,385,2385,5245177
2,386,2386,4757994
3,387,2387,6309869
0,388,2388,6145962
1,389,2389,6213333
2,390,2390,5346921
3,391,2391,5986303
0,392,2392,6335119
1,393,2393,6013552
2,394,2394,6407865
3,395,2395,6441905
0,396,2396,6356992
1,397,2397,5747483
2,398,2398,6123505
3,399,2399,5442792
0,400,2400,5036521
1,401,2401,6253665
2,402,2402,5317840
3,403,2403,6197001
0,404,2404,5541369
1,405,2405,5057937
2,406,2406,5030397
3,407,2407,5666196
0,408,2408,4832240
1,409,2409,5937139
2,410,2410,5445500
3,411,2411,5057520
0,412,2412,7283401
1,413,2413,5342379
2,414,2414,5988846
3,415,2415,6077840
0,416,2416,4667000
1,417,2417,5313298
2,418,2418,5540495
3,419,2419,5610615
0,420,2420,5979137
1,421,2421,4384014
2,422,2422,7731669
3,423,2423,6129629
0,424,2424,5084060
1,425,2425,5925932
2,426,2426,5376879
3,427,2427,5961430
0,428,2428,6317911
1,429,2429,6288579
2,430,2430,5490330
3,431,2431,3909582
0,432,2432,5842645
1,433,2433,6588980
2,434,2434,5787439
3,435,2435,6919337
0,436,2436,6049217
1,437,2437,5747775
2,438,2438,5809105
3,439,2439,4868239
0,440,2440,6871298
1,441,2441,7380895
2,442,2442,6097548
3,443,2443,7718586
0,444,2444,7561345
1,445,2445,6104423
2,446,2446,6139545
3,447,2447,6664892
0,448,2448,6885506
1,449,2449,5823979
2,450,2450,5952889
3,451,2451,5968722
0,452,2452,4949609
1,453,2453,5425584
2,454,2454,4655625
3,455,2455,5829062
0,456,2456,5785189
1,457,2457,7811789
2,458,2458,5455749
3,459,2459,5711693
0,460,2460,6544065
1,461,2461,5067603
2,462,2462,6920253
3,463,2463,6233165
0,464,2464,5016981
1,465,2465,5884517
2,466,2466,5835645
3,467,2467,5821354
0,468,2468,6411948
1,469,2469,4832074
2,470,2470,6063050
3,471,2471,6909796
0,472,2472,7092744
1,473,2473,5926349
2,474,2474,5241260
3,475,2475,6421572
0,476,2476,4834116
1,477,2477,5540786
2,478,2478,5493997
3,479,2479,6928628
0,480,2480,5992554
1,481,2481,6064466
2,482,2482,5265176
3,483,2483,7282234
0,484,2484,5526787
1,485,2485,5518912
2,486,2486,4450595
3,487,2487,4933777
0,488,2488,5394544
1,489,2489,3145456
2,490,2490,4663208
3,491,2491,5347588
0,492,2492,7568053
1,493,2493,5793939
2,494,2494,5472539
3,495,2495,4900903
0,496,2496,7400645
1,497,2497,5504163
2,498,2498,7543387
3,499,2499,6089381
0,500,2500,7022665
1,501,2501,5411667
2,502,2502,6307078
3,503,2503,6614937
0,504,2504,5542953
1,505,2505,5321006
2,506,2506,6164044
3,507,2507,5511163
0,508,2508,5643156
1,509,2509,6410781
2,510,2510,4857739
3,511,2511,5834770
0,512,2512,4881363
1,513,2513,5666404
2,514,2514,5575785
3,515,2515,6949960
0,516,2516,5654696
1,517,2517,5693986
2,518,2518,5636906
3,519,2519,5471956
0,520,2520,6183585
1,521,2521,5963097
2,522,2522,5460748
3,523,2523,6837091
0,524,2524,6258248
1,525,2525,5692444
2,526,2526,6449571
3,527,2527,5134808
0,528,2528,5602032
1,529,2529,4818075
2,530,2530,6185918
3,531,2531,6536941
0,532,2532,6635352
1,533,2533,6595271
2,534,2534,6613478
3,535,2535,5055479
0,536,2536,7329481
1,537,2537,5654238
2,538,2538,6034843
3,539,2539,6626020
0,540,2540,9538738
1,541,2541,5590825
2,542,2542,5550119
3,543,2543,5801230
0,544,2544,5764482
1,545,2545,9062889
2,546,2546,5843895
3,547,2547,5923849
0,548,2548,6254748
1,549,2549,7096160
2,550,2550,6058592
3,551,2551,5400210
0,552,2552,5782107
1,553,2553,7448475
2,554,2554,7187281
3,555,2555,5958430
0,556,2556,6100173
1,557,2557,4717747
2,558,2558,5899975
3,559,2559,6679100
0,560,2560,5328672
1,561,2561,4967400
2,562,2562,6401157
3,563,2563,4988399
0,564,2564,5737150
1,565,2565,5839437
2,566,2566,4404806
3,567,2567,5654822
0,568,2568,5917224
1,569,2569,5750066
2,570,2570,6868257
3,571,2571,8686242
0,572,2572,6481193
1,573,2573,7131742
2,574,2574,5230469
3,575,2575,6017053
0,576,2576,5315923
1,577,2577,6042717
2,578,2578,6953543
3,579,2579,5111059
0,580,2580,7514097
1,581,2581,6503818
2,582,2582,5664363
3,583,2583,5694486
0,584,2584,6502360
1,585,2585,5916433
2,586,2586,6420113
3,587,2587,4974400
0,588,2588,9008892
1,589,2589,6413989
2,590,2590,5358796
3,591,2591,6097548
0,592,2592,5246301
1,593,2593,6575564
2,594,2594,6773803
3,595,2595,5831271
0,596,2596,6714265
1,597,2597,6101256
2,598,2598,4536632
3,599,2599,5189263
0,600,2600,5915558
1,601,2601,5391294
2,602,2602,4688582
3,603,2603,5674653
0,604,2604,5365212
1,605,2605,5542244
2,606,2606,5813188
3,607,2607,5711818
0,608,2608,5940640
1,609,2609,5277716
2,610,2610,5013190
3,611,2611,8389633
0,612,2612,7343189
1,613,2613,4874655
2,614,2614,6623811
3,615,2615,5321006
0,616,2616,5561952
1,617,2617,16110219
2,618,2618,4309436
3,619,2619,5633239
0,620,2620,6332535
1,621,2621,5305424
2,622,2622,6314411
3,623,2623,4473927
0,624,2624,4528757
1,625,2625,5928973
2,626,2626,10066544
3,627,2627,5398752
0,628,2628,5499372
1,629,2629,7154491
2,630,2630,6908046
3,631,2631,5767691
0,632,2632,4787451
1,633,2633,5601450
2,634,2634,4388473
